{
	"format_version": "1.8.0",
	"animations": {
		"hold": {
			"loop": true,
			"bones": {
				"left_arm_anim": {
					"rotation": {
						"vector": [-3.54973, 22.05568, -1.25686]
					},
					"position": {
						"vector": [-2.51483, -2.54734, -5.07195]
					}
				},
				"right_arm_anim": {
					"rotation": {
						"vector": [-1.51291, -5.64766, 1.61269]
					},
					"position": {
						"vector": [6.91509, -2.22877, -1.2722]
					}
				}
			}
		},
		"inspect": {
			"loop": true,
			"animation_length": 2,
			"bones": {
				"left_arm_anim": {
					"rotation": {
						"0.0": {
							"vector": [-3.54973, 22.05568, -1.25686]
						},
						"0.3333": {
							"vector": [9.98598, 11.09032, -4.60704]
						},
						"0.6667": {
							"vector": [4.01024, 15.02638, -6.12678]
						},
						"1.25": {
							"vector": [4.01024, 15.02638, -6.12678]
						},
						"1.6667": {
							"vector": [11.67522, 16.46759, -3.86532]
						},
						"2.0": {
							"vector": [-3.54973, 22.05568, -1.25686]
						}
					},
					"position": {
						"0.0": {
							"vector": [-2.51483, -2.54734, -5.07195]
						},
						"0.3333": {
							"vector": [1.61917, -1.44761, -4.26033]
						},
						"0.6667": {
							"vector": [5.46943, -0.1094, -0.43048]
						},
						"1.25": {
							"vector": [5.46943, -0.1094, -0.43048]
						},
						"1.6667": {
							"vector": [1.73226, -1.70819, -5.0163]
						},
						"2.0": {
							"vector": [-2.51483, -2.54734, -5.07195]
						}
					},
					"scale": {
						"0.0": {
							"vector": [1, 1, 1.1]
						},
						"2.0": {
							"vector": [1, 1, 1.1]
						}
					}
				},
				"right_arm_anim": {
					"rotation": {
						"0.0": {
							"vector": [-1.51291, -5.64766, 1.61269]
						},
						"0.6667": {
							"vector": [5.98709, -5.64766, 1.61269]
						},
						"1.25": {
							"vector": [5.98709, -5.64766, 1.61269]
						},
						"2.0": {
							"vector": [-1.51291, -5.64766, 1.61269]
						}
					},
					"position": {
						"0.0": {
							"vector": [6.91509, -2.22877, -1.2722]
						},
						"0.6667": {
							"vector": [5.20571, -0.61873, -1.07304]
						},
						"1.25": {
							"vector": [5.20571, -0.61873, -1.07304]
						},
						"2.0": {
							"vector": [6.91509, -2.22877, -1.2722]
						}
					}
				},
				"muzzle_flash": {
					"scale": {
						"vector": [0, 0, 0]
					}
				},
				"slide": {
					"rotation": {
						"vector": [0, 0, 0]
					},
					"position": {
						"vector": [0, 0, 0]
					}
				},
				"body": {
					"rotation": {
						"0.0": {
							"vector": [0, 0, 0]
						},
						"2.0": {
							"vector": [0, 0, 0]
						}
					},
					"position": {
						"0.0": {
							"vector": [0, 0, 0]
						},
						"2.0": {
							"vector": [0, 0, 0]
						}
					}
				},
				"bullet": {
					"rotation": {
						"vector": [0, 0, 0]
					},
					"position": {
						"vector": [0, 0, 0]
					}
				},
				"gun": {
					"rotation": {
						"0.0": {
							"vector": [0, 0, 0]
						},
						"0.6667": {
							"vector": [81.50658, -72.82253, -81.88026]
						},
						"1.25": {
							"vector": [81.50658, -72.82253, -81.88026]
						},
						"2.0": {
							"vector": [0, 0, 0]
						}
					},
					"position": {
						"0.0": {
							"vector": [0, 0, 0]
						},
						"0.6667": {
							"vector": [3, 0, -4.7]
						},
						"1.25": {
							"vector": [3, 0, -4.7]
						},
						"2.0": {
							"vector": [0, 0, 0]
						}
					}
				}
			}
		},
		"reload": {
			"loop": true,
			"animation_length": 3.75,
			"bones": {
				"left_arm_anim": {
					"rotation": {
						"0.0": {
							"vector": [-3.54973, 22.05568, -1.25686]
						},
						"0.25": {
							"vector": [-3.54973, 22.05568, -1.25686]
						},
						"0.4167": {
							"vector": [-1.59479, 3.08366, -2.31151]
						},
						"0.75": {
							"vector": [-24.42956, 6.69855, -23.65382]
						},
						"1.1667": {
							"vector": [-17.47246, -15.22902, -99.3833]
						},
						"1.2917": {
							"vector": [-17.47246, -15.22902, -99.3833]
						},
						"2.0417": {
							"vector": [-3.54973, 22.05568, -1.25686]
						},
						"2.2083": {
							"vector": [-15.50125, 6.4133, -58.99446]
						},
						"2.5417": {
							"vector": [-15.50125, 6.4133, -58.99446]
						},
						"2.6667": {
							"vector": [-15.50125, 6.4133, -58.99446]
						},
						"2.875": {
							"vector": [-15.50125, 6.4133, -58.99446]
						},
						"3.1667": {
							"vector": [-3.54973, 22.05568, -1.25686]
						}
					},
					"position": {
						"0.0": {
							"vector": [-2.51483, -2.54734, -5.07195]
						},
						"0.25": {
							"vector": [-2.51483, -2.54734, -5.07195]
						},
						"0.4167": {
							"vector": [3.36606, -4.36054, 7.58811]
						},
						"0.75": {
							"vector": [1.86, 0.41703, 0.49577]
						},
						"1.1667": {
							"vector": [-1.58, 2.27916, -3.96908]
						},
						"1.2917": {
							"vector": [-1.58, 2.27916, -3.96908]
						},
						"2.0417": {
							"vector": [-2.51483, -2.54734, -5.07195]
						},
						"2.2083": {
							"vector": [-1.29953, -0.30356, -4.91199]
						},
						"2.5417": {
							"vector": [-1.29953, -0.30356, 2.08801]
						},
						"2.6667": {
							"vector": [-1.29953, -0.30356, 2.08801]
						},
						"2.875": {
							"vector": [-1.29953, -0.30356, -4.91199]
						},
						"3.1667": {
							"vector": [-2.51483, -2.54734, -5.07195]
						}
					}
				},
				"right_arm_anim": {
					"rotation": {
						"vector": [-1.51291, -5.64766, 1.61269]
					},
					"position": {
						"vector": [6.91509, -2.22877, -1.2722]
					}
				},
				"slide": {
					"position": {
						"0.0": {
							"vector": [0, 0, -9.68],
							"easing": "linear"
						},
						"1.1667": {
							"vector": [0, 0, -9.68],
							"easing": "linear"
						},
						"1.25": {
							"vector": [0, 0, -9.68],
							"easing": "linear"
						},
						"2.2083": {
							"vector": [0, 0, -9.68],
							"easing": "linear"
						},
						"2.25": {
							"vector": [0, 0, -9.68],
							"easing": "linear"
						},
						"2.5417": {
							"vector": [0, 0, 0.32]
						}
					}
				},
				"bullet": {
					"rotation": {
						"0.0": {
							"vector": [0, 0, 0]
						},
						"1.1667": {
							"vector": [0, 0, 0]
						},
						"1.25": {
							"vector": [0, 0, 0]
						},
						"2.25": {
							"vector": [0, 0, 0]
						}
					},
					"position": {
						"0.0": {
							"vector": [0, 0, 0]
						},
						"0.375": {
							"vector": [6.75, -6.31, -1.15]
						},
						"0.4167": {
							"vector": [11.06346, -4.30514, 1.50373]
						},
						"0.7083": {
							"vector": [5.57128, 4.51158, -4.45302]
						},
						"0.9167": {
							"vector": [2.26512, 3.5056, -7.0885]
						},
						"1.0": {
							"vector": [0.68027, 1.88304, -8.25]
						},
						"1.1667": {
							"vector": [0, 0.25, -10]
						},
						"1.25": {
							"vector": [0, 0.25, -10]
						},
						"2.2083": {
							"vector": [0, 0, -10]
						},
						"2.25": {
							"vector": [0, 0, -10]
						},
						"2.5417": {
							"vector": [0, 0, 0]
						}
					},
					"scale": {
						"0.0": {
							"vector": [0, 0, 0]
						},
						"0.375": {
							"vector": [0, 0, 0]
						},
						"0.4167": {
							"vector": [1, 1, 1]
						}
					}
				},
				"model": {
					"rotation": {
						"0.0": {
							"vector": [0, 0, 0]
						},
						"0.375": {
							"vector": [6.5, 0, 0]
						},
						"1.3333": {
							"vector": [6.5, 0, 0]
						},
						"1.7083": {
							"vector": [0, 0, 0]
						}
					},
					"position": {
						"0.0": {
							"vector": [0, 0, 0]
						},
						"0.375": {
							"vector": [0, -0.86, 1.72]
						},
						"1.3333": {
							"vector": [0, -0.86, 1.72]
						},
						"1.7083": {
							"vector": [0, 0, 0]
						},
						"2.5417": {
							"vector": [0, 0, 0]
						},
						"2.5833": {
							"vector": [0, 0, 0.2],
							"easing": "linear"
						},
						"2.625": {
							"vector": [0, 0, 0]
						}
					}
				},
				"gun_arm": {
					"rotation": {
						"0.0": {
							"vector": [0, 0, 0]
						},